antibody_seq_a	antibody_seq_b	antigen_seq
NIVLTQSPVSLAVSLGQRATISCRASESVDGYGNSFLHWFQQKPGQPPKLLIYLASNLNSGVPARFSGSGSRTDFTLTIDPVEADDAATYYCQQNNVDPWTFGGGTKLEIKRADAAPTVSIFPPSSEQLTSGGASVVCFLNNFYPKDINVKWKIDGSERQNGVLNSWTDQDSKDSTYSMSSTLTLTKDEYERHNSYTCEATHKTSTSPIVKSFNRNEC	EVQLQESGPSLVKPSQTLSLTCSVTGDSITSGYWNWIRKFPGNKLEYMGYISYSGSTYYNLSLRSRISITRDTSKNQYYLQLNSVTTEDTATYYCALITTTTYAMDYWGQGTSVTVSSAKTTPPSVYPLAPGSAAQTNSMVTLGCLVKGYFPEPVTVTWNSGSLSSGVHTFPAVLQSDLYTLSSSVTVPSSTWPSETVTCNVAHPASSTKVDKKIVPR	KVFGRCELAAAMKRHGLDNYRGYSLGNWVCAAKFESNFNSQATNRNTDGSTDYGVLQINSRWWCNDGKTPGSRNLCNIPCSALLSSDITATVNCAKKIVSDGNGMNAWVAWRNRCKGTDVQAWIRGCRL
NIVLTQSPKSMSVSVGERVTLSCKASENVDTYVFWFQQKPDQSPKLLLYGPSNRYTGVPDRFTGSGSTTDFTLTISSVQAEDLADYHCGQSYSYPYTFGGGTKLEIKRADAAPTVSIFPPSSEQLTSGGASVVCFLNNFYPKDINVKWKIDGSERQNGVLNSWTDQDSKDSTYSMSSTLTLTKDEYERHNSYTCEATHKTSTSPIVKSFNRNEC	QVQLQQPGTELVRPGASVILSCKASGYTFTSYWINWVKQRPGQGLEWVGNIFPSDSYTNYNQKFKDKATLTVDKSSSTAYMQVNSPTSEDSAVYYCTRGARDTWFAYWGQGTLVTVSVAKTTPPSVFPLAPGSAAQTNSMVTLGCLVKGYFPEPVTVTWNSGSLSSGVHTFPAVLQSDLYTLSSSVTVPSSTWPSETVTCNVAHPASSTKVDKKIVPRDC	KVFGRCELAAAMKRHGLDNYRGYSLGNWVCAAKFESNFNSQATNRNTDGSTDYGVLQINSRWWCNDGKTPGSRNLCNIPCSALLSSDITATVNCAKKIVSDGNGMNAWVAWRNRCKGTDVQAWIRGCRL
DIVLTQSPASLSASVGETVTITCRASGNIHNYLAWYQQKQGKSPQLLVYYTTTLADGVPSRFSGSGSGTQYSLKINSLQPEDFGSYYCQHFWSTPRTFGGGTKLEIK	QVQLQESGPGLVAPSQSLSITCTVSGFSLTGYGVNWVRQPPGKGLEWLGMIWGDGNTDYNSALKSRLSISKDNSKSQVFLKMNSLHTDDTARYYCARERDYRLDYWGQGTTLTVSS	KVFGRCELAAAMKRHGLDNYRGYSLGNWVCAAKFESNFNSQATNRNTDGSTDYGVLQINSRWWCNDGKTPGSRNLCNIPCSALLSSDITATVNCAKKIVSDGNGMNAWVAWRNRCKGTDVQAWIRGCRL
DIELTQSPATLSVTPGDSVSLSCRASQSISNNLHWYQQKSHESPRLLIKYVSQSSSGIPSRFSGSGSGTDFTLSINSVETEDFGMYFCQQSASWPRTFGGGTKLEIKRADAAPTVSIFPPSSEQLTSGGASVVCFLNNFYPKDINVKWKIDGSERQNGVLNSWTDQDSKDSTYSMSSTLTLTKDEYERHNSYTCEATHKTSTSPIVKSFNRNEC	QVQLQESGAEVMKPGASVKISCKATGYDFSTYWIEWVKQRPGHGLEWIGEILPGSGVDYYNEKFKGKATFTADTSSNTAYMQLSSLTSEDSAVYYCARDDGNYGYWGQGTTLTVSSASTTPPSVFPLAPGSAAQTNSMVTLGCLVKGYFPEPVTVTWNSGSLSSGVHTFPAVLQSDLYTLSSSVTVPSSPRPSETVTCNVAHPASSTKVDKKIVPRDC	KVFGRCELAAAMKRHGLDNYRGYSLGNWVCAAKFESNFNSQATNRNTDGSTDYGVLQINSRWWCNDGKTPGSRNLCNIPCSALLSSDITATVNCAKKIVSDGNGMNAWVAWRNRCKGTDVQAWIRGCRL
DIQMTQSPSSLSASVGDRVTITCRASQDVNTAVAWYQQKPGKAPKLLIYSASFLYSGVPSRFSGSRSGTDFTLTISSLQPEDFATYYCQQHYTTPPTFGQGTKVEIKRTVAAPSVFIFPPSDEQLKSGTASVVCLLNNFYPREAKVQWKVDNALQSGNSQESVTEQDSKDSTYSLSSTLTLSKADYEKHKVYACEVTHQGLSSPVTKSFNRGEC	EVQLVESGGGLVQPGGSLRLSCAASGFNIKDTYIHWVRQAPGKGLEWVARIYPTNGYTRYADSVKGRFTISADTSKNTAYLQMNSLRAEDTAVYYCSRWGGWGFYAMDYWGQGTLVTVSSASTKGPSVFPLAPSSKSTSGGTAALGCLVKDYFPEPVTVSWNSGALTSGVHTFPAVLQSSGLYSLSSVVTVPSSSLGTQTYICNVNHKPSNTKVDKKVEP	KVFGRCELAAAMKRHGLDNYRGYSLGNWVCAAKFESNFNSQATNRNTDGSTDYGVLQINSRWWCNDGKTPGSRNLCNIPCSALLSSDITATVNCAKKIVSDGNGMNAWVAWRNRCKGTDVQAWIRGCRL
DIVLTQSPAIMSASPGEKVTMTCSASSSVNYMYWYQQKSGTSPKRWIYDTSKLASGVPVRFSGSGSGTSYSLTISSMETEDAATYYCQQWGRNPTFGGGTKLEIKRADAAPTVSIFPPSSEQLTSGGASVVCFLNNFYPKDINVKWKIDGSERQNGVLNSWTDQDSKDSTYSMSSTLTLTKDEYERHNSYTCEATHKTSTSPIVKSFNRNEC	QVQLQQSGAELMKPGASVKISCKASGYTFSDYWIEWVKQRPGHGLEWIGEILPGSGSTNYHERFKGKATFTADTSSSTAYMQLNSLTSEDSGVYYCLHGNYDFDGWGQGTTLTVSSAKTTPPSVYPLAPGSAAQTNSMVTLGCLVKGYFPEPVTVTWNSGSLSSGVHTFPAVLQSDLYTLSSSVTVPSSPRPSETVTCNVAHPASSTKVDKKIVP	KVFGRCELAAAMKRHGLDNYRGYSLGNWVCAAKFESNFNSQATNRNTDGSTDYGVLQINSRWWCNDGKTPGSRNLCNIPCSALLSSDITATVNCAKKIVSDGNGMNAWVAWRNRCKGTDVQAWIRGCRL
DIVMTQSPKFMSTSVGDRVTITCKASQDVSTAVVWYQQKPGQSPKLLIYWASTRHIGVPDRFAGSGSGTDYTLTISSVQAEDLALYYCQQHYSPPWTFGGGTKLEIKRADAAPTVSIFPPSSEQLTSGGASVVCFLNNFYPKDINVKWKIDGSERQNGVLNSWTDQDSKDSTYSMSSTLTLTKDEYERHNSYTCEATHKTSTSPIVKSFNRNEC	QIQLVQSGPELKKPGETVKISCKASGYTFTNYGMNWVKQAPGKGLKWMGWINTNTGEPTYGEEFKGRFAFSLETSASTANLQINNLKNEDTATFFCARGEDQFGSLSDYWGQGTTVTVSSAKTTAPSVYPLAPVCGDTTGSSVTLGCLVKGYFPEPVTLTWNSGSLSSGVHTFPAVLQSDLYTLSSSVTVTSSTWPSQSITCNVAHPASSTKVDKKIEPRG	KVFGRCELAAAMKRHGLDNYRGYSLGNWVCAAKFESNFNSQATNRNTDGSTDYGVLQINSRWWCNDGKTPGSRNLCNIPCSALLSSDITATVNCAKKIVSDGNGMNAWVAWRNRCKGTDVQAWIRGCRL
DIQMTQTTSSLSASLGDRVTISCRASQDISNYLNWYQQNPDGTVKLLIYYTSNLHSEVPSRFSGSGSGTDYSLTISNLEQEDIATYFCQQDFTVPFTFGGGTKLEIRRA	QVQLQQPGAELVKPGASVRMSCKASGYTFTNYNMYWVKQSPGQGLEWIGIFYPGNGDTSYNQKFKDKATLTADKSSNTAYMQLSSLTSEDSAVYYCARSGGSYRYDGGFDYWGQGTTLTVSS	KVFGRCELAAAMKRHGLDNYRGYSLGNWVCAAKFESNFNSQATNRNTDGSTDYGVLQINSRWWCNDGKTPGSRNLCNIPCSALLSSDITATVNCAKKIVSDGNGMNAWVAWRNRCKGTDVQAWIRGCRL
DIVLTQSPASLSASVGETVTITCRASGNIHNYLAWYQQKQGKSPQLLVYYTTTLADGVPSRFSGSGSGTQYSLKINSLQPEDFGSYYCQHFWSTPRTFGGGTKLEIK	QVQLQESGPGLVAPSQSLSITCTVSGFSLTGYGVNWVRQPPGKGLEWLGMIWGAGNTDYNSALKSRLSISKDNSKSQVFLKMNSLHTDDTARYYCARERDYRLDYWGQGTTLTVSS	KVFGRCELAAAMKRHGLDNYRGYSLGNWVCAAKFESNFNSQATNRNTDGSTDYGVLQINSRWWCNDGKTPGSRNLCNIPCSALLSSDITATVNCAKKIVSDGNGMNAWVAWRNRCKGTDVQAWIRGCRL
MDIVLTQSPATLSVTPGDSVSLSCRASQSISNNLHWYQQKSHESPRLLIKYASQSISGIPSRFSGSGSGTDFTLSINSVETEDFGMYFCQQSNSWPYTFGGGTKLEIKRADAAPTVSIFPPSSEQLTSGGASVVCFLNNFYPKDINVKWKIDGSERQNGVLNSWTDQDSKDSTYSMSSTLTLTKDEYERHNSYTCEATHKTSTSPIVKSFNRNEC	EVQLQESGPSLVKPSQTLSLTCSVTGDSVTSDFWSWIRKFPGNKLEYMGYISYSGSTYYHPSLKSRISITRDTSKNQYYLQLNSVTTEDTATYYCASWGGDVWGAGTTVTVSSAKTTAPSVYPLAPVCGDTTGSSVTLGCLVKGYFPEPVTLTWNSGSLSSGVHTFPAVLQSDLYTLSSSVTVTSSTWPSQSITCNVAHPASSTKVDKKI	KVFGRCELAAAMKRHGLDNYRGYSLGNWVCAAKFESNFNSQATNRNTDGSTDYGVLQINSRWWCNDGKTPGSRNLCNIPCSALLSSDITATVNCAKKIVSDGNGMNAWVAWRNRCKGTDVQAWIRGCRL
DIVLTQSPATLSVTPGDSVSLSCRASQSISNNLHWYQQKSHESPRLLIKYASQSISGIPSRFSGSGSGTDFTLSINSVETEDFGMYFCQQSNSWPYTFGGGTKLEIKRADAAPTVSIFPPSSEQLTSGGASVVCFLNNFYPKDINVKWKIDGSERQNGVLNSWTDQDSKDSTYSMSSTLTLTKDEYERHNSYTCEATHKTSTSPIVKSFNRNEC	EVQLQESGPSLVKPSQTLSLTCSVTGDSVTSDAWSWIRKFPGNKLEYMGYISYSGSTYYHPSLKSRISITRDTSKNQYYLQLNSVTTEDTATYYCASWGGDVWGAGTTVTVSSAKTTAPSVYPLAPVCGDTTGSSVTLGCLVKGYFPEPVTLTWNSGSLSSGVHTFPAVLQSDLYTLSSSVTVTSSTWPSQSITCNVAHPASSTKVDKKI	KVFGRCELAAAMKRHGLDNYRGYSLGNWVCAAKFESNFNSQATNRNTDGSTDYGVLQINSRWWCNDGKTPGSRNLCNIPCSALLSSDITATVNCAKKIVSDGNGMNAWVAWRNRCKGTDVQAWIRGCRL
DILLTQSPVILSVSPGERVSFSCRASQSIGTNIHWYQQRTNGSPRLLIKYASESISGIPSRFSGSGSGTDFTLSINSVESEDIADYYCQQNNNWPTTFGAGTKLELKRTVAAPSVFIFPPSDEQLKSGTASVVCLLNNFYPREAKVQWKVDNALQSGNSQESVTEQDSKDSTYSLSSTLTLSKADYEKHKVYACEVTHQGLSSPVTKSFNR	QVQLKQSGPGLVQPSQSLSITCTVSGFSLTNYGVHWVRQSPGKGLEWLGVIWSGGATDYNTPFTSRLSINKDNSKSQVFFKMNSLQSNDTAIYYCARALTYYDYEFAYWGQGTLVTVSAASTKGPSVFPLAPSSKSTSGGTAALGCLVKDYFPEPVTVSWNSGALTSGVHTFPAVLQSSGLYSLSSVVTVPSSSLGTQTYICNVNHKPSNTKVDKRVEPK	KVFGRCELAAAMKRHGLDNYRGYSLGNWVCAAKFESNFNSQATNRNTDGSTDYGVLQINSRWWCNDGKTPGSRNLCNIPCSALLSSDITATVNCAKKIVSDGNGMNAWVAWRNRCKGTDVQAWIRGCRL
QIQLTQSPSSLSASVGDRVTITCSASSSVNHMFWYQQKPGKAPKPWIYLTSNLASGVPSRFSGSGSGTDYTLTISSLQPEDFATYYCQQWSGNPWTFGQGTKVEIKRADAAPTVSIFPPSSEQLTSGGASVVCFLNNFYPKDINVKWKIDGSERQNGVLNSWTDQDSKDSTYSMSSTLTLTKDEYERHNSYTCEATHKTSTSPIVKSFNR	EVQLVESGGGLVQPGGSLRLSCAASGFTFSRYTMSWVRQAPGKGLEWVATISGGGHTYYLDSVKGRFTISRDNSKNTLYLQMNSLRAEDTAVYYCTRGFMDGGYFDVWGQGTLVTVSSAKTTPPSVYPLAPSMVTLGCLVKGYFPEPVTVTWNSGSLSSGVHTFPAVLQSDLYTLSSSVTVPSSTWPSETVTCNVAHPASSTKVDKKIVP	KVFGRCELAAAMKRHGLDNYRGYSLGNWVCAAKFESNFNSQATNRNTDGSTDYGVLQINSRWWCNDGKTPGSRNLCNIPCSALLSSDITATVNCAKKIVSDGNGMNAWVAWRNRCKGTDVQAWIRGCRL
DIQMTQSSSSFSVSLGDRVTITCKATEDIYKRLAWYQQKPGSAPRLLISGATSLETGVPSRFSGSGSGKDYTLSITSLQTEDVATYYCQQFWSAPYTFGGGTKLEIKRADAAPTVSIFPPSSEQLTSGGASVVCFLNNFYPKDINVKWKIDGSERQNGVLNSWTDQDSKDSTYSMSSTLTLTKDEYERHNSYTCEATHKTSTSPIVKSFNRNEC	EVQLQQSGAELVKAGASVKLSCPASGLNIKDTYMHWVKQRPEQGLEWIGRIDPANGNTKFDPKFQGKATITADTSSNTAYLQLSSLTSEDTAVYYCARGVFGFFDYWGQGTTLTVSSAKTTAPSVYPLAPVCGDTTGSSVTLGCLVKGYFPEPVTLTWNSGSLSSGVHTFPAVLQSDLYTLSSSVTVTSSTWPSQSITCNVAHPASSTKVDKKIVPR	KVFGRCELAAAMKRHGLDNYRGYSLGNWVCAAKFESNFNSQATNRNTDGSTDYGVLQINSRWWCNDGKTPGSRNLCNIPCSALLSSDITATVNCAKKIVSDGNGMNAWVAWRNRCKGTDVQAWIRGCRL
DVLMTQTPLSLPVSLGDQASISCRSSQSIVHGNGNTYLEWYLQKPGQSPKLLIYKISNRFSGVPDRFSGSGSGTDFTLKISRVEAEDLGVYYCFQGSHVPYTFGGGTKLEIKRADAAPTVSIFPPSSEQLTSGGASVVCFLNNFYPKDINVKWKIGDGARQNGVLNSWTDQDSKDSTYSMSSTLTLTKDEYERHNSYTCEATHKTSDSPIVKSFNRN	QVQLAQSGPELVRPGVSVKISCKGSGYTFTTYAMHWVKQSHAKSLEWIGLISTYSGYTNYNQKFKGKATMTVDKSSSTAYMELARLTSEDSAIYYCARVMGEQYFDVWGAGTTVIVSSAATTPPSVYPLAPGSGGQGNSMVTLGCLVKGYFPEPVTVTWNSGSLSSGVHTFPAVLAADLYTLSSSVTVPSSPRPSETVTCNVAHPASSTKVDKKIAPG	KVFGRCELAAAMKRHGLDNYRGYSLGNWVCAAKFESNFNSQATNRNTDGSTDYGVLQINSRWWCNDGKTPGSRNLCNIPCSALLSSDITATVNCAKKIVSDGNGMNAWVAWRNRCKGTDVQAWIRGCRL
DIQMTQSPSSLSASVGDRVTITCRASQDIKNSLSWYQQKLGKAPRRLMHHSSTLETGVPSRFSGSGYGTEFTLSINSLQPEDIAAYYCQQYEDFPLTFGGGTQVEIKRTVAAPSVFIFPPSEDQVKSGTVSVVCLLNNFYPREASVKWKVDGALKTGNSQESVTEQDSKDNTYSLSSTLTLSSTEYQSHKVYACEVTHQGLSSPVTKSFNRGEC	EVQLVESGPGVMKPSETLSLICAVSGDTISSPYYFWSWVRQPRGKGLEWIGGLYSNTMDVYYNPSLQSRVTISRDTSKNHFSLKVTSVTDTDTAVYYCARERVVAHNYYGLDLWGQGVAVTVSSASTKGPSVFPLAPSSRSTSESTAALGCLVKDYFPEPVTVSWNSGSLTSGVHTFPAVLQSSGLYSLSSVVTVPSSSLGTQTYVCNVNHKPSNTKVDKRVEIKTCG	KVFGRCELAAAMKRHGLDNYRGYSLGNWVCAAKFESNFNSQATNRNTDGSTDYGVLQINSRWWCNDGKTPGSRNLCNIPCSALLSSDITATVNCAKKIVSDGNGMNAWVAWRNRCKGTDVQAWIRGCRL
EIVLTQSPGTLSLSPGERATFSCRSSHSIRSRRVAWYQHKPGQAPRLVIHGVSNRASGISDRFSGSGSGTDFTLTITRVEPEDFALYYCQMYGGFTYTFGQGTKLERKRTVAAPSVFIFPPSDEQLKSGTASVVCLLNNFYPREAKVQWKVDNALQSGNSQESVTEQDSKDSTYSLSSTLTLSKADYEKHKVYACEVTHQGLRSPVTKSFNRGEC	QVQLVQSGAEVKKPGASVKVSCQASGYRFSNFVIHWVRQAPGQRFEWMGWINPYNGNKEFSAKFQDRVTFTADTSANTAYMELRSLRSADTAVYYCARVGPYSWDDSPQDNYYMDVWGKGTTVIVSSASTKGPSVFPLAPSSKSTSGGTAALGCLVKDYFPEPVTVSWNSGALTSGVHTFPAVLQSSGLYSLSSVVTVPSSSLGTQTYICNVNHKPSNTKVDKKAEPKSC	KVFGRCELAAAMKRHGLDNYRGYSLGNWVCAAKFESNFNSQATNRNTDGSTDYGVLQINSRWWCNDGKTPGSRNLCNIPCSALLSSDITATVNCAKKIVSDGNGMNAWVAWRNRCKGTDVQAWIRGCRL
DIQMTQSPSSLSASVGDRVTITCRASQSVSSAVAWYQQKPGKAPKLLIYSASSLYSGVPSRFSGSRSGTDFTLTISSLQPEDFATYYCQQYSYYYYPFTFGQGTKVEIKRTVAAPSVFIFPPSDEQLKSGTASVVCLLNNFYPREAKVQWKVDNALQSGNSQESVTEQDSKDSTYSLSSTLTLSKADYEKHKVYACEVTHQGLSSPVTKSFNR	EVQLVESGGGLVQPGGSLRLSCAASGFNFSSSSIHWVRQAPGKGLEWVAYIYPSYSYTSYADSVKGRFTISADTSKNTAYLQMNSLRAEDTAVYYCARYYGTGAMDYWGQGTLVTVSSASTKGPSVFPLAPSSKSTSGGTAALGCLVKDYFPEPVTVSWNSGALTSGVHTFPAVLQSSGLYSLSSVVTVPSSSLGTQTYICNVNHKPSNTKVDKKVEPKSC	KVFGRCELAAAMKRHGLDNYRGYSLGNWVCAAKFESNFNSQATNRNTDGSTDYGVLQINSRWWCNDGKTPGSRNLCNIPCSALLSSDITATVNCAKKIVSDGNGMNAWVAWRNRCKGTDVQAWIRGCRL
QAVVTQESALTTSPGETVTLTCRSSTGAVTTSNYANWVQEKPDHLFTGLIGGTNNRAPGVPARFSGSLIGDKAALTITGAQTEDEAIYFCALWYSNHWVFGGGTKLTVLGQPKSSPSVTLFPPSSEELETNKATLVCTITDFYPGVVTVDWKVDGTPVTQGMETTQPSKQSNNKYMASSYLTLTARAWERHSSYSCQVTHEGHTVEKSLS	QVQLKESGPGLVAPSQSLSITCTVSGFLLISNGVHWVRQPPGKGLEWLGVIWAGGNTNYNSALMSRVSISKDNSKSQVFLKMKSLQTDDTAMYYCARDFYDYDVFYYAMDYWGQGTSVTVSSAKTTPPSVYPLAPGSAAQTNSMVTLGCLVKGYFPEPVTVTWNSGSLSSGVHTFPAVLQSDLYTLSSSVTVPSSTWPSETVTCNVAHPASSTKVDKKIVP	KVFGRCELAAAMKRHGLDNYRGYSLGNWVCAAKFESNFNSQATNRNTDGSTDYGVLQINSRWWCNDGKTPGSRNLCNIPCSALLSSDITATVNCAKKIVSDGNGMNAWVAWRNRCKGTDVQAWIRGCRL
DIVLTQSPATLSVTPGNSVSLSCRASQSIGNDLHWYQQKSHESPRLLIKYASQSISGIPSRFSGSGSGTDFTLSINSVETEDFGMYFCQQSNSWPYTFGGGTKLEIK	DVQLQESGPSLVKPSQTLSLTCSVTGDSITSDYWSWIRKFPGNRLEYMGYVSYSGSTYYNPSLKSRISITRDTSKNQYYLDLNSVTTEDTATYYCANWDGDYWGQGTLVTVSAA	KVFGRCELAAAMKRHGLDNYRGYSLGNWVCAAKFESNFNSQATNRNTDGSTDYGVLQINSRWWCNDGKTPGSRNLCNIPCSALLSSDITATVNCAKKIVSDGNGMNAWVAWRNRCKGTDVQAWIRGCRL
DIQMTQSPSSLSASVGDRVTITCRASQGISSYLAWYQQKPGKAPKLLIYAASSLQSGVPSRFSGSGSGTDFTLTISSLQPEDFAVYYCQQHGNLPYTFGDGTKVEIKRTVAAPSVFIFPPSDEQLKSGTASVVCLLNNFYPREAKVQWKVDNALQSGNSQESVTEQDSKDSTYSLSSTLTLSKADYEKHKVYACEVTHQGLSSPVTKSFN	QVQLVQSGGGLVKPGGSLRLSCAASGFTFSSYAMSWVRQAPGKGLEWVSAISGSGGSTYYADSVKGRFTISRDNSKNTLYLQMSSLRAEDTAVYYCARPYLTYPQRRGPQNVSPFDNWGQGTMVTVSSASTKGPSVFPLAPLGCLVKDYFPEPVTVSWNSGALTSGVHTFPAVLQSSGLYSLSSVVTVPTYICNVNHKPSNTKVDKKVEPK	KVFGRCELAAAMKRHGLDNYRGYSLGNWVCAAKFESNFNSQATNRNTDGSTDYGVLQINSRWWCNDGKTPGSRNLCNIPCSALLSSDITATVNCAKKIVSDGNGMNAWVAWRNRCKGTDVQAWIRGCRL
EIVLTQSPATLSLSPGERATLSCRASKSISKYLAWYQQKPGQAPRLLIYSGSTLQSGIPARFSGSGSGTDFTLTISSLEPEDFAVYYCQQHNHGPYTFGQGTKLEIKRTVAAPSVFIFPPSDEQLKSGTASVVCLLNNFYPREAKVQWKVDNALQSGNSQESVTEQDSKDSTYSLSSTLTLSKADYEKHKVYACEVTHQGLSSPVTKSFNRGEC	QVTLKESGPVLVKPTETLTLTCTVSGFSLSTYGMGVGWIRQPPGKALEWLAHIWWDDVKRYNPALKSRLTISKDTSKSQVVLTMTNMDPVDTATYYCARMGSDYDVWFDYWGQGTLVTVSSASTKGPSVFPLAPSSKSTSGGTAALGCLVKDYFPEPVTVSWNSGALTSGVHTFPAVLQSSGLYSLSSVVTVPSSSLGTQTYICNVNHKPSNTKVDKKVEPKSC	KVFGRCELAAAMKRHGLDNYRGYSLGNWVCAAKFESNFNSQATNRNTDGSTDYGVLQINSRWWCNDGKTPGSRNLCNIPCSALLSSDITATVNCAKKIVSDGNGMNAWVAWRNRCKGTDVQAWIRGCRL
EIVLTQSPGILSLSPGETATLFCKASQGGNAMTWYQKRRGQVPRLLIYDTSRRASGVPDRFVGSGSGTDFFLTINKLDREDFAVYYCQQFEFFGLGSELEVHRTVAAPSVFIFPPSDEQLKSGTASVVCLLNNFYPREAKVQWKVDNALQSGNSQESVTEQDSKDSTYSLSSTLTLSKADYEKHKVYACEVTHQGLSSPVTKSFNRGE	QVQLVQSGAVIKTPGSSVKISCRASGYNFADYSIHWVRLIPDKGFEWIGWIKPLWGAVSYARQLQGRVSMTRQLSQDPDDPDWGVAYMEFSGLTPADTAEYFCVRRGSCDYCGDFPWQYWCQGTVVVVSSASTKGPSVFPLAPSSGGTAALGCLVKDYFPEPVTVSWNSGALTSGVHTFPAVLQSSGLYSLSSVVTVPSSSLGTQTYICNVNHKPSNTKVDKKVEPK	KVFGRCELAAAMKRHGLDNYRGYSLGNWVCAAKFESNFNSQATNRNTDGSTDYGVLQINSRWWCNDGKTPGSRNLCNIPCSALLSSDITATVNCAKKIVSDGNGMNAWVAWRNRCKGTDVQAWIRGCRL
EIVLTQSPGTLSLSPGETASLSCTAASYGHMTWYQKKPGQPPKLLIFATSKRASGIPDRFSGSQFGKQYTLTITRMEPEDFARYYCQQLEFFGQGTRLEIRRTVAAPSVFIFPPSDEQLKSGTASVVCLLNNFYPREAKVQWKVDNALQSGNSQESVTEQDSKDSTYSLSSTLTLSKADYEKHKVYACEVTHQGLSSPVTKSFNRGEC	QVQLVQSGSGVKKPGASVRVSCWTSEDIFERTELIHWVRQAPGQGLEWIGWVKTVTGAVNFGSPDFRQRVSLTRDRALFTAHMDIRGLTQGDTATYFCARQKFYTGGQGWYFDLWGRGTLIVVSSASTKGPSVFPLAPSSKSGGTAALGCLVKDYFPEPVTVSWNSGALTSGVHTFPAVLQSSGLYSLSSVVTVPSSSLGTQTYICNVNHKPSNTKVDKKVEPKS	KVFGRCELAAAMKRHGLDNYRGYSLGNWVCAAKFESNFNSQATNRNTDGSTDYGVLQINSRWWCNDGKTPGSRNLCNIPCSALLSSDITATVNCAKKIVSDGNGMNAWVAWRNRCKGTDVQAWIRGCRL
DVVMTQTPLSLPVSLGDQASISCRSSQSLVHSNGNTYLHWYLQKPGQSPNLLIYKVSNRFSGVPDRFSGSGSGTDFTLKISRVEAEDLGVYFCSQSTHVPTFGGGTKLEIKRADAAPTVSIFPPSSEQLTSGGASVVCFLNNFYPKDINVKWKIDGSERQNGVLNSWTDQDSKDSTYSMSSTLTLTKDEYERHNSYTCEATHKTSTSPIVKSFNRNEC	EVKLVESEGGLVQPGSSMKLSCTASGFTFSDYYMAWVRQVPEKGLEWVANINYDGSSTYYLDSLKGRFIISRDIAKNILYLQMSSLRCEDTATYYCARLTNGYLDVWGAGTTVTVSSAKTTPPSVYPLAPGCGDTTGSSVTLGCLVKGYFPESVTVTWNSGSLSSSVHTFPALLESGLYTMSSSVTVPSSTWPSQTVTCSVAHPASSTTVDKKLEP	KVFGRCELAAAMKRHGLDNYRGYSLGNWVCAAKFESNFNSQATNRNTDGSTDYGVLQINSRWWCNDGKTPGSRNLCNIPCSALLSSDITATVNCAKKIVSDGNGMNAWVAWRNRCKGTDVQAWIRGCRL
GDDIVMTQSPSFLSASVGDRVTITCRASQGISSYLAWYQQKPGKAPKLLIYAASTLQSGVPSRFSGSGSGTEFTLTISSLQPEDFATYYCQQLNSYPPYTFGQGTKLEIKRTVAAPSVFIFPPSDEQLKSGTASVVCLLNNFYPREAKVQWKVDNALQSGNSQESVTEQDSKDSTYSLSSTLTLSKADYEKHKVYACEVTHQGLSSPVTKSFNRGECS	GDEVQLVESGGGLVQPGGSLRLSCAASGFIVSSNYMSWVRQAPGKGLEWVSVIYSGGSTYYADSVKGRFTISRHNSKNTLYLQMNSLRAEDTAVYYCAREAYGMDVWGQGTTVTVSSASTKGPSVFPLAPSSKSTSGGTAALGCLVKDYFPEPVTVSWNSGALTSGVHTFPAVLQSSGLYSLSSVVTVPSSSLGTQTYICNVNHKPSNTKVDKRVEPKSCDK	KVFGRCELAAAMKRHGLDNYRGYSLGNWVCAAKFESNFNSQATNRNTDGSTDYGVLQINSRWWCNDGKTPGSRNLCNIPCSALLSSDITATVNCAKKIVSDGNGMNAWVAWRNRCKGTDVQAWIRGCRL
ENVLTQSPAIMSASPGETVTMTCRATSSVSSTYLHWYQQKSGASPKLWIYSTSNLASGVPARFSGSGSGTSYSLTISSVEAEDAATYYCQQYINYPLTFGGGTKLELKRADAAPTVSIFPPSSEQLTSGGASVVCFLNNFYPKDINVKWKIDGSERQNGVLNSWTDQDSKDSTYSMSSTLTLTKDEYERHNSYTCEATHKTSTSPIVKSFNRNEC	DVQLQESGPGLVRPSQSLSLTCTVTGYSLTSDFAWNWIRQFPGNKLEWMGYINYSGYTNYNPSLKSRISITRDTSKNQFFLQLNSVTTEDTATYYCAREAYYGRAYWFAYWGQGTLVTVSAAKTTPPSVYPLAPGSAAQTNSMVTLGCLVKGYFPEPVTVTWNSGSLSSGVHTFPAVLQSDLYTLSSSVTVPSSPRPSETVTCNVAHPASSTKVDKKIVPRDC	KVFGRCELAAAMKRHGLDNYRGYSLGNWVCAAKFESNFNSQATNRNTDGSTDYGVLQINSRWWCNDGKTPGSRNLCNIPCSALLSSDITATVNCAKKIVSDGNGMNAWVAWRNRCKGTDVQAWIRGCRL
DIVMTQSPDSLSVSLGERATINCRASKSVDSFGNSFMHWYQQKPGQPPKLLIYLASNLESGVPDRFSGSGSGTDFTLTISSLQAEDVAVYYCQQNNEDPRTFGGGTKVEIKRTVAAPSVFIFPPSDEQLKSGTASVVCLLNNFYPREAKVQWKVDNALQSGNSQESVTEQDSKDSTYSLSSTLTLSKADYEKHKVYACEVTHQGLSSPVTKSFNRGEC	QVTLRESGPALVKPTQTLTLTCTVSGFSLSAYSVNWIRQPPGKALEWLAMIWGDGKIVYNSALKSRLTISKDTSKNQVVLTMTNMDPVDTATYYCAGDGYYPYAMDNWGQGSLVTVSSASTKGPSVFPLAPCSRSTSESTAALGCLVKDYFPEPVTVSWNSGALTSGVHTFPAVLQSSGLYSLSSVVTVPSSSLGTKTYTCNVDHKPSNTKVDKRVESK	KVFGRCELAAAMKRHGLDNYRGYSLGNWVCAAKFESNFNSQATNRNTDGSTDYGVLQINSRWWCNDGKTPGSRNLCNIPCSALLSSDITATVNCAKKIVSDGNGMNAWVAWRNRCKGTDVQAWIRGCRL
DVVMTQTPLSLPVSLGDQASISCRSSQSLVHSNGNTYLHWYLQKPGQSPNLLIYKVSNRFSGVPDRFSGSGSGTDFTLKISRVEAEDLGVYFCSQSTHVPTFGGGTKLEIKRADAAPTVSIFPPSSEQLTSGGASVVCFLNNFYPKDINVKWKIDGSERQNGVLNSWTDQDSKDSTYSMSSTLTLTKDEYERHNSYTCEATHKTSTSPIVKSFNRNEC	EVKLVESEGGLVQPGSSMKLSCTASGFTFSDYYMAWVRQVPEKGLEWVANINYDGSSTYYLDSLKGRFIISRDIAKNILYLQMSSLRCEDTATYYCARLTNGYLDVWGAGTTVTVSSAKTTPPSVYPLAPGCGDTTGSSVTLGCLVKGYFPESVTVTWNSGSLSSSVHTFPALLESGLYTMSSSVTVPSSTWPSQTVTCSVAHPASSTTVDKKLEP	KVFGRCELAAAMKRHGLDNYRGYSLGNWVCAAKFESNFNSQATNRNTDGSTDYGVLQINSRWWCNDGKTPGSRNLCNIPCSALLSSDITATVNCAKKIVSDGNGMNAWVAWRNRCKGTDVQAWIRGCRL
SYVLTQPPSVSVAPGQTARITCGGTNIGDISVHWYQQRPGQAPLVVVYDDSDRPSGIPERFSGSNSGNTATLTISRVEAGDEADYYCQVWDDSINAYVFGTGTKVTVLRTVAAPSVFIFPPSDSQLKSGTASVVCLLNNFYPREAKVQWKVDNALQSGNSQESVTEQDSKDSTYSLSSTLTLSKADYEKHKVYACEVTHQGLSSPVTKSFNRGEC	EVQLVETGGGVVQPGRSLRLSCTASGFTFRDYWMSWVRQAPGKGLEWVADIHQDGQVRYYLDAVKGRFTISRDNAKSSLYLQMNSLGAEDTAVYYCARNFVRGFGWHFDLWGRGTLVTVSSASTKGPSVFPLAPSSKSTSGGTAALGCLVKDYFPEPVTVSWNSGALTSGVHTFPAVLQSSGLYSLSSVVTVPSSSLGTQTYICNVNHKPSNTKVDKKVEPKSCDKTHT	KVFGRCELAAAMKRHGLDNYRGYSLGNWVCAAKFESNFNSQATNRNTDGSTDYGVLQINSRWWCNDGKTPGSRNLCNIPCSALLSSDITATVNCAKKIVSDGNGMNAWVAWRNRCKGTDVQAWIRGCRL
